{
  "n_rows": 63378,
  "n_clients": 862,
  "features": [
    "monetary",
    "recency_days",
    "order_count",
    "sig_overdue_amount",
    "sig_days_past_terms",
    "sig_max_overdue_days",
    "sig_debt_lines",
    "sig_elapsed_days",
    "sig_cycle_days",
    "sig_overdue_ratio",
    "sig_n_orders",
    "sig_drop_ratio",
    "sig_silence_days",
    "sig_recent_orders",
    "sig_prior_orders",
    "sig_top_score",
    "sig_reco_candidates",
    "is_reorder_due",
    "is_debt_followup",
    "is_churn_winback",
    "is_cross_sell"
  ],
  "base_rate": 0.29216762914576033,
  "cv": {
    "hgb": {
      "auc": 0.6976025109558861,
      "ks": 0.28295318624544324,
      "brier": 0.18606698297725968
    },
    "logit": {
      "auc": 0.6956690697182677,
      "ks": 0.27162895322909897,
      "brier": 0.18320090444301568
    }
  },
  "cv_per_type": {
    "reorder_due": {
      "n": 54836,
      "pos_rate": 0.30200962871106574,
      "auc_hgb": 0.6610040090489838,
      "auc_logit": 0.6635464952304468
    },
    "debt_followup": {
      "n": 1512,
      "pos_rate": 0.6177248677248677,
      "auc_hgb": 0.905257366833873,
      "auc_logit": 0.8257392766906485
    },
    "churn_winback": {
      "n": 2092,
      "pos_rate": 0.2834608030592734,
      "auc_hgb": 0.7929119694186231,
      "auc_logit": 0.7554344830224085
    },
    "cross_sell": {
      "n": 4938,
      "pos_rate": 0.08687727825030377,
      "auc_hgb": 0.7256236038671169,
      "auc_logit": 0.7093091723830247
    }
  },
  "oot": {
    "hgb": {
      "auc": 0.7044029846834037,
      "ks": 0.2803076904887281,
      "brier": 0.1774406497369408
    },
    "logit": {
      "auc": 0.7022292063773216,
      "ks": 0.27857027997236333,
      "brier": 0.1783515971306722
    }
  },
  "oot_per_type": {
    "hgb": {
      "reorder_due": {
        "n": 22508,
        "pos": 6499,
        "auc": 0.6703702048041121,
        "ks": 0.23530238236991075,
        "brier": 0.18789626749696453,
        "reliability": [
          {
            "bin": 0,
            "n": 473,
            "p_mean": 0.09829740214504107,
            "y_rate": 0.09302325581395349
          },
          {
            "bin": 1,
            "n": 9234,
            "p_mean": 0.20763358033538393,
            "y_rate": 0.18886722980290233
          },
          {
            "bin": 2,
            "n": 7293,
            "p_mean": 0.3017624992470543,
            "y_rate": 0.284519402166461
          },
          {
            "bin": 3,
            "n": 3445,
            "p_mean": 0.4321198574880897,
            "y_rate": 0.39245283018867927
          },
          {
            "bin": 4,
            "n": 1490,
            "p_mean": 0.5544069234868323,
            "y_rate": 0.5724832214765101
          },
          {
            "bin": 5,
            "n": 338,
            "p_mean": 0.6798269544985152,
            "y_rate": 0.7248520710059172
          },
          {
            "bin": 6,
            "n": 213,
            "p_mean": 0.8047458616778548,
            "y_rate": 0.784037558685446
          },
          {
            "bin": 7,
            "n": 22,
            "p_mean": 0.9170195316904216,
            "y_rate": 0.8636363636363636
          }
        ]
      },
      "debt_followup": {
        "n": 632,
        "pos": 384,
        "auc": 0.9022229922715054,
        "ks": 0.6526377688172044,
        "brier": 0.13078398612338987,
        "reliability": [
          {
            "bin": 0,
            "n": 32,
            "p_mean": 0.10756657042222359,
            "y_rate": 0.0
          },
          {
            "bin": 1,
            "n": 127,
            "p_mean": 0.1948718145044428,
            "y_rate": 0.1732283464566929
          },
          {
            "bin": 2,
            "n": 105,
            "p_mean": 0.3027275730705954,
            "y_rate": 0.4
          },
          {
            "bin": 3,
            "n": 60,
            "p_mean": 0.4378061323594614,
            "y_rate": 0.6666666666666666
          },
          {
            "bin": 4,
            "n": 15,
            "p_mean": 0.5582908333045202,
            "y_rate": 0.6
          },
          {
            "bin": 5,
            "n": 18,
            "p_mean": 0.699517008450036,
            "y_rate": 0.8333333333333334
          },
          {
            "bin": 6,
            "n": 32,
            "p_mean": 0.8257394286464115,
            "y_rate": 0.6875
          },
          {
            "bin": 7,
            "n": 243,
            "p_mean": 0.978042491867763,
            "y_rate": 0.9629629629629629
          }
        ]
      },
      "churn_winback": {
        "n": 858,
        "pos": 255,
        "auc": 0.8151269794816767,
        "ks": 0.49587357330992093,
        "brier": 0.14939727075771697,
        "reliability": [
          {
            "bin": 0,
            "n": 114,
            "p_mean": 0.08862072045076555,
            "y_rate": 0.05263157894736842
          },
          {
            "bin": 1,
            "n": 338,
            "p_mean": 0.19211014138286012,
            "y_rate": 0.14497041420118342
          },
          {
            "bin": 2,
            "n": 189,
            "p_mean": 0.2997451394228967,
            "y_rate": 0.2698412698412698
          },
          {
            "bin": 3,
            "n": 78,
            "p_mean": 0.4202559822457329,
            "y_rate": 0.5128205128205128
          },
          {
            "bin": 4,
            "n": 52,
            "p_mean": 0.5824695623837934,
            "y_rate": 0.6346153846153846
          },
          {
            "bin": 5,
            "n": 60,
            "p_mean": 0.6868893928465089,
            "y_rate": 0.8166666666666667
          },
          {
            "bin": 6,
            "n": 27,
            "p_mean": 0.7688873692711596,
            "y_rate": 1.0
          }
        ]
      },
      "cross_sell": {
        "n": 1750,
        "pos": 145,
        "auc": 0.7253131378236116,
        "ks": 0.37542163497690406,
        "brier": 0.07356247032284083,
        "reliability": [
          {
            "bin": 0,
            "n": 1018,
            "p_mean": 0.06264573606122034,
            "y_rate": 0.03831041257367387
          },
          {
            "bin": 1,
            "n": 609,
            "p_mean": 0.18499552451991574,
            "y_rate": 0.12151067323481117
          },
          {
            "bin": 2,
            "n": 122,
            "p_mean": 0.27588127524553824,
            "y_rate": 0.2540983606557377
          },
          {
            "bin": 3,
            "n": 1,
            "p_mean": 0.46235249206572354,
            "y_rate": 1.0
          }
        ]
      }
    },
    "logit": {
      "reorder_due": {
        "n": 22508,
        "pos": 6499,
        "auc": 0.6712011681842565,
        "ks": 0.23658778988673002,
        "brier": 0.18752788929387146,
        "reliability": [
          {
            "bin": 0,
            "n": 601,
            "p_mean": 0.06636149373363341,
            "y_rate": 0.10149750415973377
          },
          {
            "bin": 1,
            "n": 8873,
            "p_mean": 0.18198960184091656,
            "y_rate": 0.1891130395582103
          },
          {
            "bin": 2,
            "n": 8016,
            "p_mean": 0.29940000168249536,
            "y_rate": 0.28580339321357284
          },
          {
            "bin": 3,
            "n": 3151,
            "p_mean": 0.4318839210279698,
            "y_rate": 0.41415423675023805
          },
          {
            "bin": 4,
            "n": 912,
            "p_mean": 0.575763403678123,
            "y_rate": 0.5625
          },
          {
            "bin": 5,
            "n": 553,
            "p_mean": 0.6620923539502379,
            "y_rate": 0.6130198915009042
          },
          {
            "bin": 6,
            "n": 288,
            "p_mean": 0.8257590827341451,
            "y_rate": 0.7291666666666666
          },
          {
            "bin": 7,
            "n": 114,